1,2.0.0.js,1,2022-01-18 13:53:13.832000 +00:00
2,2.1.85.js,1,2022-01-18 13:53:13.834000 +00:00
3,2.2.3.js,1,2022-01-18 13:53:13.842000 +00:00
4,2.2.17.js,1,2022-01-18 13:53:13.845000 +00:00
5,2.3.10.js,1,2022-01-18 13:53:13.846000 +00:00
6,2.3.23.js,1,2022-01-18 13:53:13.848000 +00:00
7,2.4.13.js,1,2022-01-18 13:53:13.852000 +00:00
8,2.4.14.js,1,2022-01-18 13:53:13.859000 +00:00
9,2.4.36.js,1,2022-01-18 13:53:13.862000 +00:00
10,2.4.61.js,1,2022-01-18 13:53:13.865000 +00:00
11,2.5.1.js,1,2022-01-18 13:53:13.873000 +00:00
12,2.5.12.js,1,2022-01-18 13:53:13.875000 +00:00
13,2.5.108.js,1,2022-01-18 13:53:13.877000 +00:00
14,2.5.118.js,1,2022-01-18 13:53:13.880000 +00:00
15,2.5.122.js,1,2022-01-18 13:53:13.889000 +00:00
16,2.5.128.js,1,2022-01-18 13:53:13.892000 +00:00
